{"train/grad_norm":0,"train/epoch":0.00547008547008547,"train/learning_rate":0.00015384615384615385,"_step":6,"_timestamp":1.7708833433018506e+09,"_wandb":{"runtime":532},"_runtime":532,"train/global_step":7,"train/loss":11.9312}