{"_runtime":258,"_step":2,"train/loss":11.9312,"train/grad_norm":0,"train/global_step":3,"_wandb":{"runtime":258},"_timestamp":1.7708837355036006e+09,"train/learning_rate":5.128205128205128e-05,"train/epoch":0.0023443223443223443}