{"_step":1239,"train/learning_rate":1.2960819542378056e-05,"_wandb":{"runtime":59989},"train/grad_norm":0.24602168798446655,"_runtime":59989,"train/loss":0.6847,"_timestamp":1.7706993299898794e+09,"train/global_step":1240,"train/epoch":0.8423197758342532}