{"train/loss":0.9136,"_timestamp":1.7707096019490652e+09,"_wandb":{"runtime":575},"train/global_step":1,"_step":0,"train/epoch":0.0007547881875648646,"train/learning_rate":0,"_runtime":575,"train/grad_norm":0.8765952587127686}