{"train/global_step":2,"train/loss":1.0691,"_step":1,"train/learning_rate":5e-06,"train/grad_norm":1.7867029905319214,"train/epoch":0.0015095763751297292,"_timestamp":1.7709004079493454e+09,"_wandb":{"runtime":155},"_runtime":155}