{"train_samples_per_second":1.604,"train_steps_per_second":0.025,"train/global_step":1280,"_step":1284,"eval/steps_per_second":0.895,"train/grad_norm":0.05312863364815712,"total_flos":9.3085500862464e+13,"train/learning_rate":1.602123383515064e-09,"train_loss":1.105288033466786,"eval/samples_per_second":3.58,"eval/runtime":2541.5893,"train_runtime":51046.9478,"eval/loss":1.0909909009933472,"train/loss":1.0979,"_runtime":51061,"_wandb":{"runtime":51061},"train/epoch":1,"_timestamp":1.7709532052478106e+09}