{"_wandb":{"runtime":119},"_runtime":119,"train/learning_rate":0,"train/global_step":1,"_timestamp":1.7708793314362237e+09,"train/loss":11.9312,"_step":0,"train/grad_norm":0,"train/epoch":0.0007814407814407814}