{"_wandb":{"runtime":218},"_timestamp":1.7708841339052267e+09,"train/global_step":4,"train/learning_rate":7.692307692307693e-05,"_runtime":218,"train/grad_norm":1.016350507736206,"train/epoch":0.0031257631257631258,"train/loss":1.398,"_step":3}