{"_runtime":62,"_step":0,"train/loss":1.0336,"_timestamp":1.770900251732127e+09,"_wandb":{"runtime":62},"train/epoch":0.0007547881875648646,"train/grad_norm":1.3578518629074097,"train/global_step":1,"train/learning_rate":0}