{"_timestamp":1.7707078040207314e+09,"train/learning_rate":0.0001929428252159866,"_step":21,"train/grad_norm":0.5867705941200256,"_runtime":1103,"train/loss":0.7448,"_wandb":{"runtime":1103},"train/epoch":0.15985467756584923,"train/global_step":22}