{"_runtime":239,"train/global_step":4,"train/grad_norm":1.0434272289276123,"_timestamp":1.7706349619052064e+09,"_step":3,"train/loss":0.8224,"_wandb":{"runtime":239},"train/epoch":0.0027171605672072683,"train/learning_rate":1.3333333333333333e-05}