{"train/global_step":1,"_runtime":156,"_wandb":{"runtime":156},"_timestamp":1.7708791185064807e+09,"_step":0,"train/loss":11.9312,"train/epoch":0.0007814407814407814,"train/grad_norm":0,"train/learning_rate":0}