{"train/loss":1.1445,"_wandb":{"runtime":98},"train/grad_norm":2.103677272796631,"_runtime":98,"train/learning_rate":0,"train/global_step":1,"_step":0,"_timestamp":1.770986622152968e+09,"train/epoch":0.0007547881875648646}