{"train/learning_rate":0.00012,"_wandb":{"runtime":244},"_runtime":244,"train/global_step":4,"train/grad_norm":0.8219937682151794,"_step":3,"train/epoch":0.027164685908319185,"_timestamp":1.7707006433823416e+09,"train/loss":0.888}