{"_step":19,"_wandb":{"runtime":946},"_timestamp":1.7707065019128335e+09,"_runtime":946,"train/loss":0.2279,"train/grad_norm":0.6507723927497864,"train/learning_rate":9.524180841762577e-05,"train/epoch":0.5850091407678245,"train/global_step":20}