{"_runtime":196,"train/learning_rate":8.88888888888889e-06,"train/epoch":0.002037870425405451,"_wandb":{"runtime":196},"train/grad_norm":1.0971486568450928,"train/loss":0.9103,"_timestamp":1.7707000523271546e+09,"train/global_step":3,"_step":2}