{"train/loss":1.3809,"_timestamp":1.7708863429562514e+09,"train/epoch":0.00019536258073969158,"train/global_step":1,"_runtime":60,"_step":0,"train/grad_norm":0.21042247116565704,"train/learning_rate":0,"_wandb":{"runtime":60}}