{"_runtime":326,"train/loss":11.9312,"train/grad_norm":0,"_wandb":{"runtime":326},"_timestamp":1.7708798757632134e+09,"train/global_step":3,"_step":2,"train/learning_rate":5.128205128205128e-05,"train/epoch":0.0023443223443223443}