{"train/grad_norm":4.242279052734375,"_timestamp":1.7706339232271423e+09,"train/global_step":58,"_wandb":{"runtime":5047},"_runtime":5047,"_step":57,"train/epoch":0.03939882822450539,"train/learning_rate":0.0001999651541868849,"train/loss":1.1163}