{"_runtime":244,"train/global_step":1,"_timestamp":1.7707102160409198e+09,"train/loss":0.9136,"train/epoch":0.0007547881875648646,"train/grad_norm":0.8728986382484436,"_wandb":{"runtime":244},"_step":0,"train/learning_rate":0}