{"train/grad_norm":18.612882614135742,"train/learning_rate":1.6e-07,"train/global_step":37,"_runtime":3177,"train/loss":0.94,"train/epoch":0.025133735246667233,"_wandb":{"runtime":3177},"_step":36,"_timestamp":1.7706277258421488e+09}