{"train/grad_norm":0,"_step":1,"train/learning_rate":2.564102564102564e-05,"train/global_step":2,"train/epoch":0.0015628815628815629,"_timestamp":1.7708795660476608e+09,"_runtime":202,"train/loss":11.9312,"_wandb":{"runtime":202}}