{"_wandb":{"runtime":253},"_step":6,"train/grad_norm":0.2700824439525604,"_timestamp":1.770893537986401e+09,"train/learning_rate":0.00015384615384615385,"train/global_step":7,"train/epoch":0.00547008547008547,"train/loss":1.2858,"_runtime":253}