{"_runtime":95,"train/loss":1.4085,"_wandb":{"runtime":95},"train/epoch":0.0007814407814407814,"train/grad_norm":0.14525796473026276,"train/global_step":1,"_step":0,"_timestamp":1.7709020596649427e+09,"train/learning_rate":0}