{"train_steps_per_second":0.016,"train/loss":0.7371,"_timestamp":1.7707949041234992e+09,"train_loss":0.6746488570942069,"train/global_step":1325,"_runtime":83541,"eval/samples_per_second":2.957,"train/epoch":1,"eval/loss":0.6664915084838867,"eval/steps_per_second":0.739,"train_samples_per_second":1.015,"eval/runtime":3186.4787,"total_flos":2.73405276635136e+14,"_step":1331,"train/learning_rate":2.9885689367681326e-10,"_wandb":{"runtime":83541},"train_runtime":83535.7623,"train/grad_norm":0.24614186584949493}